shelfmark_shea_style,file,px,MB,description,credit,license,commons_page
"Diez A fol. 70, S. 4",DiezAlbumsFallOfBaghdad a (cropped).jpg,2126x2735,1.9,"Conquest of Baghdad by the Mongols 1258. Right part of a double-page illustration of Rashid-ad-Din's Gami' at-tawarih. Tabriz (?), 1st quarter of 14th century. Water colours and gold on paper. Original size: 37.4 cm x 29.3 cm. Staatsbibliothek Berlin, Orientabteilung, Diez A fol. 70, p. 4. Note the ponton bridge, siege engine, and the refugee on the boat, maybe a high dignitary or even the calif h","Dschingis Khan und seine Erben (exhibition catalogue), München 2005, p. 253",Public domain,https://commons.wikimedia.org/wiki/File:DiezAlbumsFallOfBaghdad_a_(cropped).jpg
"Diez A fol. 70, S. 4",DiezAlbumsFallOfBaghdad.jpg,4429x2786,3.6,"Conquest of Baghdad by the Mongols 1258. Double-page illustration of Rashid-ad-Din's Gami' at-tawarih. Tabriz (?), 1st quarter of 14th century. Water colours and gold on paper. Original size: 37.4 cm x 29.3 cm (right), 37.2 cm x 29 cm (left). Staatsbibliothek Berlin, Orientabteilung, Diez A fol. 70, p. 4 (right) and 7 (left). Note the ponton bridges, siege engines, and the dawatdar (a high officia","Dschingis Khan und seine Erben (exhibition catalogue), München 2005, p. 252/253",Public domain,https://commons.wikimedia.org/wiki/File:DiezAlbumsFallOfBaghdad.jpg
"Diez A fol. 70, S. 4",DiezAlbumsFallOfBaghdad a.jpg,2186x2791,1.9,"Conquest of Baghdad by the Mongols 1258. Right part of a double-page illustration of Rashid-ad-Din's Gami' at-tawarih. Tabriz (?), 1st quarter of 14th century. Water colours and gold on paper. Original size: 37.4 cm x 29.3 cm. Staatsbibliothek Berlin, Orientabteilung, Diez A fol. 70, p. 4. Note the ponton bridge, siege engine, and the refugee on the boat, maybe a high dignitary or even the calif h","Dschingis Khan und seine Erben (exhibition catalogue), München 2005, p. 253",Public domain,https://commons.wikimedia.org/wiki/File:DiezAlbumsFallOfBaghdad_a.jpg
"Diez A fol. 70, S. 4",Fall Of Baghdad (Diez Albums).tif,9472x5963,141.7,"Conquest of Baghdad by the Mongols 1258. Double-page illustration of Rashid-ad-Din's Gami' at-tawarih. Tabriz (?), 1st quarter of 14th century. Water colours and gold on paper. Original size: 37.4 cm x 29.3 cm (right), 37.2 cm x 29 cm (left). Staatsbibliothek Berlin, Orientabteilung, Diez A fol. 70, p. 4 (right) and 7 (left). Note the ponton bridges, siege engines, and the dawatdar (a high officia",Diez-Album from Staatsbibliothek zu Berlin Digital Collections,Public domain,https://commons.wikimedia.org/wiki/File:Fall_Of_Baghdad_(Diez_Albums).tif
"Diez A fol. 70, S. 5",DiezAlbumsEnthronization a.jpg,1227x1620,0.5,"Enthronization of a Mongol ruler. Left part of a double-page illustration of Rashid-ad-Din's Gami' at-tawarih. Tabriz (?), 1st quarter of 14th century. Water colours on paper. Original size: 38.8 cm x 28.7 cm. Staatsbibliothek Berlin, Orientabteilung, Diez A fol. 70, p. 5. For the complete illustration, see Image:DiezAlbumsEnthronization.jpg . Note : the source ( Dschingis Khan und seine Erben ) s","Dschingis Khan und seine Erben (exhibition catalogue), München 2005, p. 258",Public domain,https://commons.wikimedia.org/wiki/File:DiezAlbumsEnthronization_a.jpg
"Diez A fol. 70, S. 7",DiezAlbumsFallOfBaghdad b.jpg,2188x2786,1.8,"Conquest of Baghdad by the Mongols 1258. Left part of a double-page illustration of Rashid-ad-Din's Gami' at-tawarih. Tabriz (?), 1st quarter of 14th century. Water colours and gold on paper. Original size: 37.2 cm x 29 cm. Staatsbibliothek Berlin, Orientabteilung, Diez A fol. 70, p. 7. Note the ponton bridge and siege engines. For the complete illustration, see Image:DiezAlbumsFallOfBaghdad.jpg .","Dschingis Khan und seine Erben (exhibition catalogue), München 2005, p. 252",Public domain,https://commons.wikimedia.org/wiki/File:DiezAlbumsFallOfBaghdad_b.jpg
"Diez A fol. 70, S. 7",DiezAlbumsFallOfBaghdad b (cropped1to1).jpg,2132x2131,1.4,"Conquest of Baghdad by the Mongols 1258. Left part of a double-page illustration of Rashid-ad-Din's Gami' at-tawarih. Tabriz (?), 1st quarter of 14th century. Water colours and gold on paper. Original size: 37.2 cm x 29 cm. Staatsbibliothek Berlin, Orientabteilung, Diez A fol. 70, p. 7. Note the ponton bridge and siege engines. For the complete illustration, see Image:DiezAlbumsFallOfBaghdad.jpg .","Dschingis Khan und seine Erben (exhibition catalogue), München 2005, p. 252",Public domain,https://commons.wikimedia.org/wiki/File:DiezAlbumsFallOfBaghdad_b_(cropped1to1).jpg
"Diez A fol. 70, S. 8, no. 1",DiezAlbumsStudyingTheKoran.jpg,3538x4001,6.4,"A Mongol prince studying the Koran. Illustration of Rashid-ad-Din's Gami' at-tawarih. Tabriz (?), 1st quarter of 14th century. Water colours on paper. Original size: 20.3 cm x 26.7 cm. Staatsbibliothek Berlin, Orientabteilung, Diez A fol. 70, p. 8 no.1. This seems to be a tent mosque. The inscription above the arch on the left, which is either the entrance or the Mihrab, reads ""Allah is the ruler""","Dschingis Khan und seine Erben (exhibition catalogue), München 2005, p. 266",Public domain,https://commons.wikimedia.org/wiki/File:DiezAlbumsStudyingTheKoran.jpg
"Diez A fol. 70, S. 8, no. 2",DiezAlbumsBirth.jpg,1655x840,0.4,"Birth of a prince. Illustration of Rashid-ad-Din's Gami' at-tawarih. Tabriz (?), 1st quarter of 14th century. Water colours on paper. Original size: 12.7 cm x 25 cm. Staatsbibliothek Berlin, Orientabteilung, Diez A fol. 70, p. 8 no. 2. Note the astrologists with the astrolabs.","Dschingis Khan und seine Erben (exhibition catalogue), München 2005, p. 264",Public domain,https://commons.wikimedia.org/wiki/File:DiezAlbumsBirth.jpg
"Diez A fol. 70, S. 10",DiezAlbumsEnthronization b.jpg,1263x1504,0.5,"Enthronization of a Mongol ruler. Right part of a double-page illustration of Rashid-ad-Din's Gami' at-tawarih. Tabriz (?), 1st quarter of 14th century. Water colours on paper. Original size: 36.1 cm x 29.8 cm. Staatsbibliothek Berlin, Orientabteilung, Diez A fol. 70, p. 10. For the complete illustration, see Image:DiezAlbumsEnthronization.jpg . Note : the source ( Dschingis Khan und seine Erben )","Dschingis Khan und seine Erben (exhibition catalogue), München 2005, p. 258",Public domain,https://commons.wikimedia.org/wiki/File:DiezAlbumsEnthronization_b.jpg
"Diez A fol. 70, S. 10",DiezAlbumsEnthronization.jpg,2541x1620,1.0,"Enthronization of a Mongol ruler. Double-page illustration of Rashid-ad-Din's Gami' at-tawarih. Tabriz (?), 1st quarter of 14th century. Water colours on paper. Original size: 36.1 cm x 29.8 cm (right), 38.8 cm x 28.7 cm (left). Staatsbibliothek Berlin, Orientabteilung, Diez A fol. 70, p. 10 (right) and 5 (left). For only the left or only the right part of the illustration, see Image:DiezAlbumsEnt","Dschingis Khan und seine Erben (exhibition catalogue), München 2005, p. 258",Public domain,https://commons.wikimedia.org/wiki/File:DiezAlbumsEnthronization.jpg
"Diez A fol. 70, S. 11",DiezAlbumsEnthronization2 a.jpg,2071x2788,1.4,"Enthronization of a Mongol ruler. Left part of a double-page illustration of Rashid-ad-Din's Gami' at-tawarih. Tabriz (?), 1st quarter of 14th century. Water colours on paper. Original size: 38.8 cm x 29.2 cm. Staatsbibliothek Berlin, Orientabteilung, Diez A fol. 70, p. 11. For the complete illustration, see Image:DiezAlbumsEnthronization2.jpg . Note : the source ( Dschingis Khan und seine Erben )","Dschingis Khan und seine Erben (exhibition catalogue), München 2005, p. 260",Public domain,https://commons.wikimedia.org/wiki/File:DiezAlbumsEnthronization2_a.jpg
"Diez A fol. 70, S. 13",DiezAlbumsGhazanMausoleum.jpg,2202x2791,1.6,"Ghazan Khan's mausoleum and foundation. Illustration of Rashid-ad-Din's Gami' at-tawarih. Tabriz (?), 1st quarter of 14th century. Water colours (and silver?) on paper. Original size: 36.2 cm x 29 cm. Staatsbibliothek Berlin, Orientabteilung, Diez A fol. 70, p. 13. ""Two turbaned figured are in discussion at the gateway to a religious complex, which Karin Rührdanz plausibly identifies as Ghazan Kha","Dschingis Khan und seine Erben (exhibition catalogue), München 2005, p. 267",Public domain,https://commons.wikimedia.org/wiki/File:DiezAlbumsGhazanMausoleum.jpg
"Diez A fol. 70, S. 18, no. 1",DiezAlbumsFestivalPreparations.jpg,1653x1684,0.7,"Preparations for a festival. Illustration of Rashid-ad-Din's Gami' at-tawarih. Tabriz (?), 1st quarter of 14th century. Water colours on paper. Original size: 25.8 cm x 25.8 cm. Staatsbibliothek Berlin, Orientabteilung, Diez A fol. 70, p. 18 no. 1. There seems to be some problem at the wooden door on the right.","Dschingis Khan und seine Erben (exhibition catalogue), München 2005, p. 264",Public domain,https://commons.wikimedia.org/wiki/File:DiezAlbumsFestivalPreparations.jpg
"Diez A fol. 70, S. 18, no. 2",DiezAlbumsComplainingWoman.jpg,2537x1202,0.8,"A woman complaining to the ruler. Illustration of Rashid-ad-Din's Gami' at-tawarih. Tabriz (?), 1st quarter of 14th century. Water colours on paper. Original size: 11.8 cm x 25.8 cm. Staatsbibliothek Berlin, Orientabteilung, Diez A fol. 70, p. 18 no.2. This illustrates a story about Ghazan Khan. Because Ghazan had officials and military stay in the houses of the general population, an old man told","Dschingis Khan und seine Erben (exhibition catalogue), München 2005, p. 273",Public domain,https://commons.wikimedia.org/wiki/File:DiezAlbumsComplainingWoman.jpg
"Diez A fol. 70, S. 19, no. 2",DiezAlbumsPrisoners.jpg,2400x1204,0.7,"Mongol riders with prisoners. Illustration of Rashid-ad-Din's Gami' at-tawarih. Tabriz (?), 1st quarter of 14th century. Water colours on paper. Original size: 11.6 cm x 25.8 cm. Staatsbibliothek Berlin, Orientabteilung, Diez A fol. 70, p. 19 no. 2. The prisoners are presumably robbers and similar criminals.","Dschingis Khan und seine Erben (exhibition catalogue), München 2005, p. 254",Public domain,https://commons.wikimedia.org/wiki/File:DiezAlbumsPrisoners.jpg
"Diez A fol. 70, S. 20",DiezAlbumsEnthronization3 a.jpg,1236x1571,0.5,"Enthronization of a Mongol ruler. Left part of a double-page illustration of Rashid-ad-Din's Gami' at-tawarih. Tabriz (?), 1st quarter of 14th century. Water colours on paper. Original size: 38.8 cm x 29.2 cm. Staatsbibliothek Berlin, Orientabteilung, Diez A fol. 70, p. 20. For the complete illustration, see Image:DiezAlbumsEnthronization3.jpg .","Dschingis Khan und seine Erben (exhibition catalogue), München 2005, p. 263",Public domain,https://commons.wikimedia.org/wiki/File:DiezAlbumsEnthronization3_a.jpg
"Diez A fol. 70, S. 21",DiezAlbumsEnthronization2.jpg,4182x2788,2.9,"Enthronization of a Mongol ruler. Double-page illustration of Rashid-ad-Din's Gami' at-tawarih. Tabriz (?), 1st quarter of 14th century. Water colours on paper. Original size: 35.6 cm x 28.7 cm (right), 38.8 cm x 29.2 cm (left). Staatsbibliothek Berlin, Orientabteilung, Diez A fol. 70, p. 21 (right) and 11 (left). For only the left or only the right part of the illustration, see Image:DiezAlbumsEn","Dschingis Khan und seine Erben (exhibition catalogue), München 2005, p. 260/261",Public domain,https://commons.wikimedia.org/wiki/File:DiezAlbumsEnthronization2.jpg
"Diez A fol. 70, S. 21",DiezAlbumsEnthronization2 b.jpg,2217x2788,1.8,"Enthronization of a Mongol ruler. Right part of a double-page illustration of Rashid-ad-Din's Gami' at-tawarih. Tabriz (?), 1st quarter of 14th century. Water colours on paper. Original size: 35.6 cm x 28.7 cm. Staatsbibliothek Berlin, Orientabteilung, Diez A fol. 70, p. 21. For the complete illustration, see Image:DiezAlbumsEnthronization2.jpg . Note : the source ( Dschingis Khan und seine Erben ","Dschingis Khan und seine Erben (exhibition catalogue), München 2005, p. 261",Public domain,https://commons.wikimedia.org/wiki/File:DiezAlbumsEnthronization2_b.jpg
"Diez A fol. 70, S. 22",DiezAlbumsCelebration.jpg,2080x2788,1.4,"A celebration of the court. Illustration of Rashid-ad-Din's Gami' at-tawarih. Tabriz (?), 1st quarter of 14th century. Water colours and gold on paper. Original size: 33.8 cm x 25.8 cm. Staatsbibliothek Berlin, Orientabteilung, Diez A fol. 70, p. 22. Note the casual atmosphere and the dog in the foreground.","Dschingis Khan und seine Erben (exhibition catalogue), München 2005, p. 257",Public domain,https://commons.wikimedia.org/wiki/File:DiezAlbumsCelebration.jpg
"Diez A fol. 70, S. 22, no. 1","Ilkhanid Court Scene, early fourteenth century. SBB-PK, Diez A fol. 70, p. 22, no. 1.jpg",4551x6023,43.3,"Ilkhanid Court Scene, early fourteenth century. SBB-PK, Diez A fol. 70, p. 22, no. 1 The Diez Albums p.279",Diez Albums,Public domain,"https://commons.wikimedia.org/wiki/File:Ilkhanid_Court_Scene,_early_fourteenth_century._SBB-PK,_Diez_A_fol._70,_p._22,_no._1.jpg"
"Diez A fol. 70, S. 23",DiezAlbumsEnthronization3.jpg,2515x1571,0.9,"Enthronization of a Mongol ruler. Double-page illustration of Rashid-ad-Din's Gami' at-tawarih. Tabriz (?), 1st quarter of 14th century. Water colours on paper. Original size: 34.7 cm x 28.3 cm (right), 38.8 cm x 29.2 cm (left). Staatsbibliothek Berlin, Orientabteilung, Diez A fol. 70, p. 23 (right) and 20 (left). For only the left or only the right part of the illustration, see Image:DiezAlbumsEn","Dschingis Khan und seine Erben (exhibition catalogue), München 2005, p. 263",Public domain,https://commons.wikimedia.org/wiki/File:DiezAlbumsEnthronization3.jpg
"Diez A fol. 70, S. 23",DiezAlbumsEnthronization3 b.jpg,1226x1458,0.5,"Enthronization of a Mongol ruler. Right part of a double-page illustration of Rashid-ad-Din's Gami' at-tawarih. Tabriz (?), 1st quarter of 14th century. Water colours on paper. Original size: 34.7 cm x 28.3 cm. Staatsbibliothek Berlin, Orientabteilung, Diez A fol. 70, p. 23. For the complete illustration, see Image:DiezAlbumsEnthronization3.jpg .","Dschingis Khan und seine Erben (exhibition catalogue), München 2005, p. 263",Public domain,https://commons.wikimedia.org/wiki/File:DiezAlbumsEnthronization3_b.jpg
"Diez A fol. 70, S. 23, no. 1","Ilkhanid Court Scene, early fourteenth century. SBB-PK, Diez A fol. 70, p. 23, no. 1.jpg",4953x6023,48.2,"Ilkhanid Court Scene, early fourteenth century. SBB-PK, Diez A fol. 70, p. 23, no. 1 The Diez Albums p.279",Diez Albums,Public domain,"https://commons.wikimedia.org/wiki/File:Ilkhanid_Court_Scene,_early_fourteenth_century._SBB-PK,_Diez_A_fol._70,_p._23,_no._1.jpg"
"Diez A fol. 70, S. 47",DiezAlbumsDignitaries.jpg,2537x1796,1.2,"The Ilkhan handing out rewards. Illustration of Rashid-ad-Din's Gami' at-tawarih. Tabriz (?), 1st quarter of 14th century. Water colours on paper. Original size: 17.7 cm x 26.3 cm. Staatsbibliothek Berlin, Orientabteilung, Diez A fol. 70, p. 47. Valuable belts are handed out as rewards.","Dschingis Khan und seine Erben (exhibition catalogue), München 2005, p. 259",Public domain,https://commons.wikimedia.org/wiki/File:DiezAlbumsDignitaries.jpg
"Diez A fol. 70, S. 48",DiezAlbumsKhanAndKhatun.jpg,2422x1794,1.1,"Khan and Khatun talking. Illustration of Rashid-ad-Din's Gami' at-tawarih. Tabriz (?), 1st quarter of 14th century. Water colours on paper. Original size: 20.2 cm x 26.2 cm. Staatsbibliothek Berlin, Orientabteilung, Diez A fol. 70, p. 48.","Dschingis Khan und seine Erben (exhibition catalogue), München 2005, p. 262",Public domain,https://commons.wikimedia.org/wiki/File:DiezAlbumsKhanAndKhatun.jpg
"Diez A fol. 70, S. 49",DiezAlbumsExecution.jpg,1659x1154,0.5,"Execution. Illustration of Rashid-ad-Din's Gami' at-tawarih. Tabriz (?), 1st quarter of 14th century. Water colours on paper. Original size: 18.5 cm x 26.2 cm. Staatsbibliothek Berlin, Orientabteilung, Diez A fol. 70, p. 49. The executed - long and full beard probably means he is not a Mongol - has been thrown off a cliff.","Dschingis Khan und seine Erben (exhibition catalogue), München 2005, p. 256",Public domain,https://commons.wikimedia.org/wiki/File:DiezAlbumsExecution.jpg
"Diez A fol. 70, S. 58",DiezAlbumsArmedRiders I.jpg,1658x1359,0.5,"Mounted warriors pursue enemies. Illustration of Rashid-ad-Din's Gami' at-tawarih. Tabriz (?), 1st quarter of 14th century. Water colours on paper. Original size: 21.2 cm x 26.2 cm. Staatsbibliothek Berlin, Orientabteilung, Diez A fol. 70, p. 58. Probably a conflict between Mongols. See also Image:DiezAlbumsArmedRiders_II.jpg .",Kunst- und Ausstellungshalle der Bundesrepublik Deutschland; Staatliches Museum für Völkerkunde München (2005) Dschingis Khan und seine Erben: das Wel,Public domain,https://commons.wikimedia.org/wiki/File:DiezAlbumsArmedRiders_I.jpg
"Diez A fol. 70, S. 58",DiezAlbumsArmedRiders I (cropped1to1).jpg,1276x1275,0.4,"Mounted warriors pursue enemies. Illustration of Rashid-ad-Din's Gami' at-tawarih. Tabriz (?), 1st quarter of 14th century. Water colours on paper. Original size: 21.2 cm x 26.2 cm. Staatsbibliothek Berlin, Orientabteilung, Diez A fol. 70, p. 58. Probably a conflict between Mongols. See also Image:DiezAlbumsArmedRiders_II.jpg .","Dschingis Khan und seine Erben (exhibition catalogue), München 2005, p. 255",Public domain,https://commons.wikimedia.org/wiki/File:DiezAlbumsArmedRiders_I_(cropped1to1).jpg
"Diez A fol. 70, S. 59",DiezAlbumsArmedRiders II.jpg,1648x1150,0.5,"Mounted warriors pursue enemies. Illustration of Rashid-ad-Din's Gami' at-tawarih. Tabriz (?), 1st quarter of 14th century. Water colours on paper. Original size: 17.5 cm x 25.8 cm. Staatsbibliothek Berlin, Orientabteilung, Diez A fol. 70, p. 59. Probably a conflict between Mongols. See also Image:DiezAlbumsArmedRiders_I.jpg .","Dschingis Khan und seine Erben (exhibition catalogue), München 2005, p. 255",Public domain,https://commons.wikimedia.org/wiki/File:DiezAlbumsArmedRiders_II.jpg
"Diez A fol. 70, S. 60",DiezAlbumsMountedArchers.jpg,1665x1088,0.5,"A confrontation between mounted archers. Illustration of Rashid-ad-Din's Gami' at-tawarih. Tabriz (?), 1st quarter of 14th century. Water colours on paper. Original size: 16.8 cm x 26.7 cm. Staatsbibliothek Berlin, Orientabteilung, Diez A fol. 70, p. 60.","Dschingis Khan und seine Erben (exhibition catalogue), München 2005, p. 256",Public domain,https://commons.wikimedia.org/wiki/File:DiezAlbumsMountedArchers.jpg
"Diez A fol. 71, S. 50",DiezAlbumsTravelling.jpg,2518x2037,1.2,"Ruler on his way through the country. Illustration of Rashid-ad-Din's Gami' at-tawarih. Tabriz (?), 1st quarter of 14th century. Water colours on paper. Original size: 22 cm x 26.2 cm. Staatsbibliothek Berlin, Orientabteilung, Diez A fol. 71, p. 50. The pedestrian in front seems to carry a paiza , a sign that identifies persons on official duty.","Dschingis Khan und seine Erben (exhibition catalogue), München 2005, p. 269",Public domain,https://commons.wikimedia.org/wiki/File:DiezAlbumsTravelling.jpg
"Diez A fol. 71, S. 53",DiezAlbumsTravelling2.jpg,2537x1704,1.1,"A lord travelling. Illustration of Rashid-ad-Din's Gami' at-tawarih. Tabriz (?), 1st quarter of 14th century. Water colours on paper. Original size: 18.2 cm x 26 cm. Staatsbibliothek Berlin, Orientabteilung, Diez A fol. 71, p. 53. The riders on the upper right carries a paiza , a sign that identifies his bearer as on official mission.","Dschingis Khan und seine Erben (exhibition catalogue), München 2005, p. 272",Public domain,https://commons.wikimedia.org/wiki/File:DiezAlbumsTravelling2.jpg
"Diez A fol. 71, S. 53",DiezAlbumsTravelling2 cropped.jpg,1503x1181,1.3,"A lord travelling. Illustration of Rashid-ad-Din's Jami' at-tawarikh (fragment). Tabriz (?), 1st quarter of 14th century. Water colours on paper. Original size: 18.2 cm x 26 cm. Staatsbibliothek Berlin, Orientabteilung, Diez A fol. 71, p. 53. The riders on the upper right carries a paiza , a sign that identifies his bearer as on official mission.",DiezAlbumsTravelling2.jpg,Public domain,https://commons.wikimedia.org/wiki/File:DiezAlbumsTravelling2_cropped.jpg
"Diez A fol. 71, S. 54",DiezAlbumsNegotiation.jpg,2539x1889,1.3,"Negotiations. Illustration of Rashid-ad-Din's Gami' at-tawarih. Tabriz (?), 1st quarter of 14th century. Water colours and gold on paper. Original size: 19 cm x 25 cm. Staatsbibliothek Berlin, Orientabteilung, Diez A fol. 71, p. 54.","Dschingis Khan und seine Erben (exhibition catalogue), München 2005, p. 274",Public domain,https://commons.wikimedia.org/wiki/File:DiezAlbumsNegotiation.jpg
"Diez A fol. 71, S. 55",DiezAlbumsMourning.jpg,2536x1893,1.3,"Mourning a ruler. Illustration of Rashid-ad-Din's Gami' at-tawarih. Tabriz (?), 1st quarter of 14th century. Water colours on paper. Original size: 19.6 cm x 26.5 cm. Staatsbibliothek Berlin, Orientabteilung, Diez A fol. 71, p. 55.","Dschingis Khan und seine Erben (exhibition catalogue), München 2005, p. 265",Public domain,https://commons.wikimedia.org/wiki/File:DiezAlbumsMourning.jpg
"Diez A fol. 71, S. 56",DiezAlbumsElephant.jpg,2531x2044,1.5,"Ruler on an elephant. Illustration of Rashid-ad-Din's Gami' at-tawarih. Tabriz (?), 1st quarter of 14th century. Water colours on paper. Original size: 21.3 cm x 27 cm. Staatsbibliothek Berlin, Orientabteilung, Diez A fol. 71, p. 56.","Dschingis Khan und seine Erben (exhibition catalogue), München 2005, p. 270",Public domain,https://commons.wikimedia.org/wiki/File:DiezAlbumsElephant.jpg
"Diez A fol. 72, S. 16, no. 1",DiezAlbumsAstronomers.jpg,2517x1314,0.9,"Astronomers or astrologists at work. Illustration of Rashid-ad-Din's Gami' at-tawarih. Tabriz (?), 1st quarter of 14th century. Water colours and gold on paper. Original size: 12 cm x 24.3 cm. Staatsbibliothek Berlin, Orientabteilung, Diez A fol. 72, p. 16 no.1. The person in the middle holds an astrolabium, the moon is visible on the upper right.","Dschingis Khan und seine Erben (exhibition catalogue), München 2005, p. 268",Public domain,https://commons.wikimedia.org/wiki/File:DiezAlbumsAstronomers.jpg
,Fall Of Baghdad (Diez Albums).jpg,9472x5963,86.9,"Fall Of Baghdad (Diez Albums). Detail: a leading official's failed attempt to escape by boat from the city (center right): ""The davāt-dār (chief secretary) who commanded the Caliph’s army was encamped between Baʿqūbā and Bājisrā. Hearing that the Mongol army was approaching from the west, the davāt-dār crossed the Tigris and joined battle with the Mongols near Anbār. The Mongols retreated and, joi",This image has been extracted from another file,Public domain,https://commons.wikimedia.org/wiki/File:Fall_Of_Baghdad_(Diez_Albums).jpg
,Fall Of Baghdad (Diez Albums) (cropped).jpg,4482x5732,35.6,"Fall Of Baghdad (Diez Albums). Detail: a leading official's failed attempt to escape by boat from the city (center right): ""The davāt-dār (chief secretary) who commanded the Caliph’s army was encamped between Baʿqūbā and Bājisrā. Hearing that the Mongol army was approaching from the west, the davāt-dār crossed the Tigris and joined battle with the Mongols near Anbār. The Mongols retreated and, joi",This image has been extracted from another file,Public domain,https://commons.wikimedia.org/wiki/File:Fall_Of_Baghdad_(Diez_Albums)_(cropped).jpg
,Fall Of Baghdad (Diez Albums) (cropped) 2.jpg,4494x5695,36.6,"Fall Of Baghdad (Diez Albums). Detail: a leading official's failed attempt to escape by boat from the city (center right): ""The davāt-dār (chief secretary) who commanded the Caliph’s army was encamped between Baʿqūbā and Bājisrā. Hearing that the Mongol army was approaching from the west, the davāt-dār crossed the Tigris and joined battle with the Mongols near Anbār. The Mongols retreated and, joi",This image has been extracted from another file,Public domain,https://commons.wikimedia.org/wiki/File:Fall_Of_Baghdad_(Diez_Albums)_(cropped)_2.jpg
,Persian painting of Hülegü’s army attacking city with siege engine.jpg,1119x1600,0.7,Persian painting of Hülegü’s army besieging a city. Note use of the siege engine.,http://mongolianhistory.blogspot.in/2007/03/hleg-moves-west-high-living-and.html http://kjv1189.egloos.com/m/1896726,Public domain,https://commons.wikimedia.org/wiki/File:Persian_painting_of_H%C3%BCleg%C3%BC%E2%80%99s_army_attacking_city_with_siege_engine.jpg
,"Mongol siege techniques in 1221 were little different than those used for the siege of Baghdad in 1258. A 14th century Persian illustration from the Heinrich von Diez Albums, Staatsbibliothek zu Berlin..jpg",696x900,0.2,"Mongol siege techniques in 1221 were little different than those used for the siege of Baghdad in 1258. A 14th century Persian illustration from the Heinrich von Diez Albums, Staatsbibliothek zu Berlin.",Persian illustration from the Heinrich von Diez Albums http://kjv1189.egloos.com/m/1896726,Public domain,"https://commons.wikimedia.org/wiki/File:Mongol_siege_techniques_in_1221_were_little_different_than_those_used_for_the_siege_of_Baghdad_in_1258._A_14th_century_Persian_illustration_from_the_Heinrich_von_Diez_Albums,_Staatsbibliothek_zu_Berlin..jpg"
,MS. DIEZ A. Audience.jpg,1001x1219,1.3,MS. DIEZ A. Audience,[1],Public domain,https://commons.wikimedia.org/wiki/File:MS._DIEZ_A._Audience.jpg
,MS. DIEZ A. Folio 70 (horseman detail).jpg,1920x1616,2.4,MS. DIEZ A. Folio 70 (horseman detail),[1],Public domain,https://commons.wikimedia.org/wiki/File:MS._DIEZ_A._Folio_70_(horseman_detail).jpg
,MS. DIEZ A. Folio 70 (horseman).jpg,1832x2098,2.3,MS. DIEZ A. Folio 70 (horseman),[1],Public domain,https://commons.wikimedia.org/wiki/File:MS._DIEZ_A._Folio_70_(horseman).jpg
,MS. DIEZ A. Folio 70.jpg,1948x2564,4.3,MS. DIEZ A. Folio 70,[1],Public domain,https://commons.wikimedia.org/wiki/File:MS._DIEZ_A._Folio_70.jpg
,MS. DIEZ. A. Siege of Baghdad by the Mongols.jpg,1200x1600,0.3,MS. DIEZ. A. Siege of Baghdad by the Mongols,[1],Public domain,https://commons.wikimedia.org/wiki/File:MS._DIEZ._A._Siege_of_Baghdad_by_the_Mongols.jpg
,"Mongol military manoeuvers, Diez Album.jpg",5852x4615,43.9,"Mongol military manoeuvers, Diez Album. The Diez Albums p.227",Diez Album,Public domain,"https://commons.wikimedia.org/wiki/File:Mongol_military_manoeuvers,_Diez_Album.jpg"
